Unnamed: 0.1,Unnamed: 0,ID,CODGEO,AREA_NAME,SEX,AGE,DIPLOMA,PRO_CAT,TYPE_HOUSE,NBPERS_HOUSE,NB_10,NB_11_17,NB_18_24,NB_25_64,NB_65,PMR,DRIVING_LICENCE,NB_CAR,TWO_WHEELER,BIKE,ELECT_SCOOTER,NAVIGO_SUB,IMAGINER_SUB,OTHER_SUB_PT,BIKE_SUB,NSM_SUB,WEIGHT_INDIV
12,12,10_2994,75115,Paris,Man,44,,2,In a couple with child(ren),3,0,1.0,0.0,2,0,False,True,0,1,0,0,True,False,False,False,True,3936.4098434
33,33,10_3024,92046,Malakoff,Man,22,"3–4-year higher education degree: Licence, Professional Licence, Master 1, or equivalent",7,Not related to other household members,5,0,0.0,2.0,3,0,False,True,0,0,0,0,False,True,False,True,False,1242.8197525
54,54,10_3050,75112,Paris,Woman,41,"5-year-and-above higher education degree: Master's 2, DEA, DESS, Grande École Diploma, Doctorate, etc.",3,Living alone,1,0,0.0,0.0,1,0,False,True,0,0,0,0,True,False,False,False,False,1619.4797582
67,67,10_3067,75112,Paris,Man,23,"3–4-year higher education degree: Licence, Professional Licence, Master 1, or equivalent",4,Living alone,1,0,0.0,0.0,0,0,False,True,0,0,0,0,False,True,False,False,False,1000.0810595
71,71,10_3074,75120,Paris,Man,28,"5-year-and-above higher education degree: Master's 2, DEA, DESS, Grande École Diploma, Doctorate, etc.",2,In a couple without children,2,0,0.0,1.0,1,0,False,True,0,0,0,0,True,False,False,False,False,2742.1303401
80,80,10_3086,75116,Paris,Man,18,Upper secondary diploma (Baccalauréat) or equivalent,7,Living alone,1,0,0.0,0.0,0,0,False,True,0,0,1,0,False,False,False,False,False,2547.898829
92,92,10_3102,75117,Paris,Man,20,"3–4-year higher education degree: Licence, Professional Licence, Master 1, or equivalent",7,In a couple without children,2,0,0.0,2.0,0,0,False,False,0,0,0,0,False,True,False,True,False,1489.6559194
108,108,10_3122,75110,Paris,Man,62,"5-year-and-above higher education degree: Master's 2, DEA, DESS, Grande École Diploma, Doctorate, etc.",2,In a couple without children,1,0,0.0,0.0,1,0,False,True,0,0,1,0,True,True,False,True,False,847.90373965
111,111,10_3125,75110,Paris,Man,47,"3–4-year higher education degree: Licence, Professional Licence, Master 1, or equivalent",3,In a couple without children,1,0,0.0,0.0,1,0,False,True,0,0,0,0,True,False,False,True,False,1210.1594184
147,147,10_3173,75111,Paris,Man,23,"3–4-year higher education degree: Licence, Professional Licence, Master 1, or equivalent",7,In a couple without children,2,0,0.0,2.0,0,0,False,True,0,0,1,0,False,True,False,True,False,1489.6559194
148,148,10_3174,92014,Bourg-la-Reine,Man,60,,2,In a couple with child(ren),4,0,1.0,1.0,2,0,False,True,1,0,4+,0,True,False,False,False,False,3051.07114
154,154,10_3182,93070,Saint-Ouen-sur-Seine,Man,35,"Vocational certificate (CAP, BEP) or equivalent",8,Living alone,1,0,0.0,0.0,0,0,False,,3,1,1,1,True,False,True,True,True,6691.397198
167,167,12_3194,75116,Paris,Woman,50,"3–4-year higher education degree: Licence, Professional Licence, Master 1, or equivalent",2,In a couple with child(ren),4,0,2.0,0.0,2,0,False,False,0,0,1,0,True,False,False,True,False,2888.0443376
196,196,12_3232,75109,Paris,Man,39,"5-year-and-above higher education degree: Master's 2, DEA, DESS, Grande École Diploma, Doctorate, etc.",2,In a couple with child(ren),5,3,0.0,0.0,2,0,False,True,0,0,2,0,False,False,False,False,False,2771.6443559
200,200,12_3237,92024,Clichy,Woman,25,"5-year-and-above higher education degree: Master's 2, DEA, DESS, Grande École Diploma, Doctorate, etc.",2,Living alone,1,0,0.0,0.0,0,0,False,True,0,0,0,0,True,False,False,False,False,1396.8921063
233,233,12_3281,75114,Paris,Man,22,"3–4-year higher education degree: Licence, Professional Licence, Master 1, or equivalent",7,Living alone,1,0,0.0,0.0,0,0,False,True,0,0,0,0,True,False,False,False,False,749.30461016
273,273,12_3328,75108,Paris,Man,31,"5-year-and-above higher education degree: Master's 2, DEA, DESS, Grande École Diploma, Doctorate, etc.",2,Living alone,1,0,0.0,0.0,1,0,False,True,0,0,0,0,True,False,False,False,False,1375.0003715
288,288,12_3353,75110,Paris,Woman,52,"5-year-and-above higher education degree: Master's 2, DEA, DESS, Grande École Diploma, Doctorate, etc.",4,In a couple without children,1,0,0.0,0.0,1,0,False,True,0,0,1,0,True,False,False,True,False,722.35320301
303,303,12_3370,75113,Paris,Man,26,"5-year-and-above higher education degree: Master's 2, DEA, DESS, Grande École Diploma, Doctorate, etc.",7,In a couple without children,1,0,0.0,0.0,1,0,False,True,0,0,1,0,True,False,False,True,False,656.36545256
313,313,12_3388,75118,Paris,Woman,39,"5-year-and-above higher education degree: Master's 2, DEA, DESS, Grande École Diploma, Doctorate, etc.",2,Living alone,1,0,0.0,0.0,0,0,False,True,0,0,1,0,False,False,False,False,False,1549.8231313
321,321,13_3399,75119,Paris,Man,48,"5-year-and-above higher education degree: Master's 2, DEA, DESS, Grande École Diploma, Doctorate, etc.",2,Single parent (divorced / separated / widowed),2,1,0.0,0.0,1,0,False,True,0,0,2,0,False,False,False,False,False,1873.0702124
340,340,13_3429,75113,Paris,Man,39,,3,In a couple without children,2,0,0.0,0.0,2,0,False,True,1,0,1,0,False,False,False,True,False,4503.4158038
404,404,13_3508,75112,Paris,Woman,24,"5-year-and-above higher education degree: Master's 2, DEA, DESS, Grande École Diploma, Doctorate, etc.",7,Living with one or both parents,5,0,0.0,3.0,2,0,False,False,0,0,0,0,False,True,False,False,False,1248.325682
417,417,13_3522,75117,Paris,Woman,72,Upper secondary diploma (Baccalauréat) or equivalent,6,Living alone,1,0,0.0,0.0,0,0,False,True,0,0,0,0,True,False,False,False,False,4655.7584
420,420,13_3525,75113,Paris,Man,32,,4,Living alone,1,0,0.0,0.0,1,0,False,False,0,0,0,0,True,False,False,False,False,1172.0402666
443,443,13_3559,94018,Charenton-le-Pont,Man,57,Upper secondary diploma (Baccalauréat) or equivalent,4,Living alone,1,0,0.0,0.0,0,0,False,True,1,0,2,0,False,False,False,True,False,2558.4786482
467,467,14_3592,75120,Paris,Woman,58,,6,Living alone,1,0,0.0,0.0,1,0,True,False,0,0,0,0,,False,True,False,False,694.76202104
468,468,14_3594,75120,Paris,Man,19,Upper secondary diploma (Baccalauréat) or equivalent,7,Living with one or both parents,5,1,1.0,1.0,2,0,False,False,0,0,0,0,,True,False,True,False,5623.0868868
484,484,14_3613,75116,Paris,Man,49,"3–4-year higher education degree: Licence, Professional Licence, Master 1, or equivalent",3,In a couple without children,2,0,0.0,0.0,2,0,False,True,0,0,4+,0,False,False,False,True,False,2680.5167679
489,489,14_3618,75110,Paris,Man,22,"3–4-year higher education degree: Licence, Professional Licence, Master 1, or equivalent",7,Living alone,1,0,0.0,0.0,0,0,False,True,0,0,1,0,False,True,False,True,False,749.30461016
506,506,14_3639,75118,Paris,Man,38,Upper secondary diploma (Baccalauréat) or equivalent,4,Living alone,1,0,0.0,0.0,0,0,False,True,0,0,0,0,True,False,False,False,False,4269.4468227
509,509,14_3645,75118,Paris,Man,37,"3–4-year higher education degree: Licence, Professional Licence, Master 1, or equivalent",7,Living alone,1,0,0.0,0.0,1,0,False,False,0,0,0,0,True,False,False,False,False,863.77213745
510,510,14_3647,75103,Paris,Woman,70,Upper secondary diploma (Baccalauréat) or equivalent,6,In a couple without children,1,0,0.0,0.0,0,1,False,True,0,0,0,0,,True,False,False,False,4655.7584
518,518,14_3657,75114,Paris,Man,33,,5,In a couple with child(ren),3,0,1.0,0.0,2,0,False,True,1,0,0,2,False,False,True,False,False,4161.3796535
528,528,14_3670,75118,Paris,Man,53,"3–4-year higher education degree: Licence, Professional Licence, Master 1, or equivalent",2,Living alone,1,0,0.0,0.0,1,0,False,True,0,0,2,0,False,False,False,False,False,1190.0491835
529,529,14_3671,75113,Paris,Man,25,"5-year-and-above higher education degree: Master's 2, DEA, DESS, Grande École Diploma, Doctorate, etc.",8,Living alone,1,0,0.0,0.0,1,0,False,False,0,0,0,0,True,False,False,False,False,587.15425839
531,531,14_3673,75112,Paris,Man,50,"5-year-and-above higher education degree: Master's 2, DEA, DESS, Grande École Diploma, Doctorate, etc.",2,In a couple with child(ren),3,0,1.0,0.0,2,0,False,True,1,1,0,0,,False,False,False,False,2788.7756632
538,538,14_3681,75112,Paris,Man,32,"3–4-year higher education degree: Licence, Professional Licence, Master 1, or equivalent",8,In a couple without children,2,0,0.0,0.0,2,0,False,True,0,0,1,0,True,False,False,False,False,1822.8662529
547,547,14_3692,75118,Paris,Man,47,"5-year-and-above higher education degree: Master's 2, DEA, DESS, Grande École Diploma, Doctorate, etc.",2,In a couple without children,2,0,0.0,0.0,2,0,False,True,0,1,3,0,False,False,False,False,False,1873.0702124
550,550,14_3695,75113,Paris,Man,31,Upper secondary diploma (Baccalauréat) or equivalent,3,Living alone,1,0,0.0,0.0,0,0,False,True,1,0,1,0,True,False,False,False,False,7957.3922535
553,553,14_3700,75105,Paris,Woman,40,,8,In a couple with child(ren),2,0,0.0,0.0,2,0,False,True,0,0,1,0,,False,True,False,False,2094.5777111
565,565,14_3713,75115,Paris,Man,28,"5-year-and-above higher education degree: Master's 2, DEA, DESS, Grande École Diploma, Doctorate, etc.",2,Living alone,1,0,0.0,0.0,0,0,False,True,0,0,0,0,True,False,False,True,False,1375.0003715
569,569,14_3720,75117,Paris,Man,48,"5-year-and-above higher education degree: Master's 2, DEA, DESS, Grande École Diploma, Doctorate, etc.",2,In a couple with child(ren),4,0,2.0,0.0,2,0,False,True,0,0,1,0,True,False,False,True,True,1904.8946898
593,593,16_3758,75117,Paris,Woman,68,"3–4-year higher education degree: Licence, Professional Licence, Master 1, or equivalent",6,Living alone,1,0,0.0,0.0,0,0,False,True,1,0,1,0,False,False,False,False,False,1509.8898742
594,594,16_3759,75114,Paris,Woman,76,,6,In a couple with child(ren),1,0,0.0,0.0,0,1,False,True,1,0,0,0,True,False,False,False,False,1509.8898742
597,597,16_3762,75115,Paris,Man,75,"5-year-and-above higher education degree: Master's 2, DEA, DESS, Grande École Diploma, Doctorate, etc.",6,Living alone,1,0,0.0,0.0,0,1,False,True,1,0,0,0,True,False,False,False,False,965.90732695
600,600,16_3765,75118,Paris,Woman,68,"5-year-and-above higher education degree: Master's 2, DEA, DESS, Grande École Diploma, Doctorate, etc.",6,In a couple without children,2,0,0.0,0.0,0,2,False,False,0,0,2,0,True,False,False,False,False,1966.5820839
607,607,16_3775,75113,Paris,Woman,69,"3–4-year higher education degree: Licence, Professional Licence, Master 1, or equivalent",6,Living alone,1,0,0.0,0.0,0,1,False,True,1,0,0,0,True,False,False,False,False,1509.8898742
613,613,16_3783,75114,Paris,Man,69,"5-year-and-above higher education degree: Master's 2, DEA, DESS, Grande École Diploma, Doctorate, etc.",6,In a couple without children,1,0,0.0,0.0,0,1,False,True,1,0,3,0,False,False,False,False,False,965.90732695
614,614,16_3784,93053,Noisy-le-Sec,Man,65,"3–4-year higher education degree: Licence, Professional Licence, Master 1, or equivalent",2,In a couple with child(ren),3,2,0.0,0.0,1,0,False,True,1,0,1,0,True,False,False,False,False,611.83199673
620,620,16_3792,75115,Paris,Woman,47,"Vocational certificate (CAP, BEP) or equivalent",4,Single parent (divorced / separated / widowed),2,0,0.0,2.0,0,0,False,True,0,0,0,0,True,False,False,False,False,6652.3594577
621,621,16_3793,75111,Paris,Man,22,"5-year-and-above higher education degree: Master's 2, DEA, DESS, Grande École Diploma, Doctorate, etc.",7,Living alone,1,0,0.0,1.0,0,0,False,True,0,0,0,0,False,True,False,True,False,587.15425839
625,625,16_3797,75118,Paris,Man,38,"5-year-and-above higher education degree: Master's 2, DEA, DESS, Grande École Diploma, Doctorate, etc.",1,Living alone,1,0,0.0,0.0,1,0,False,True,0,0,2,0,False,False,False,False,False,952.5176578
626,626,16_3799,75112,Paris,Woman,56,"Vocational certificate (CAP, BEP) or equivalent",4,Single parent (divorced / separated / widowed),2,0,1.0,0.0,1,0,False,False,0,0,1,0,True,False,False,False,False,6652.3594577
628,628,16_3802,94046,Maisons-Alfort,Woman,57,Lower secondary certificate (Brevet) or equivalent,4,Living alone,1,0,0.0,0.0,1,0,False,True,0,0,0,0,True,False,False,False,False,1955.6067735
640,640,16_3823,75116,Paris,Woman,48,,5,In a couple without children,1,0,0.0,0.0,1,0,False,True,0,0,4+,0,False,False,False,False,False,917.22787515
644,644,16_3828,75107,Paris 7e Arrondissement,Man,23,"5-year-and-above higher education degree: Master's 2, DEA, DESS, Grande École Diploma, Doctorate, etc.",7,Living with one or both parents,2,0,0.0,0.0,2,0,False,True,1,1,3,0,False,False,False,False,True,1290.853913
647,647,16_3831,75115,Paris,Woman,25,"5-year-and-above higher education degree: Master's 2, DEA, DESS, Grande École Diploma, Doctorate, etc.",7,In a couple without children,2,0,0.0,0.0,2,0,False,True,0,0,0,0,False,False,False,True,False,1228.7117078
649,649,16_3834,92051,Neuilly-sur-Seine,Woman,19,Upper secondary diploma (Baccalauréat) or equivalent,7,Living alone,1,0,0.0,0.0,0,0,False,True,0,0,0,0,False,True,False,True,False,2252.7829803
656,656,16_3842,75115,Paris,Woman,24,"3–4-year higher education degree: Licence, Professional Licence, Master 1, or equivalent",7,Living with one or both parents,3,0,0.0,2.0,1,0,True,False,0,0,0,0,False,True,False,True,False,2349.0067089
658,658,16_3844,75105,Paris,Woman,62,,3,In a couple with child(ren),4,0,0.0,0.0,3,1,False,False,1,0,0,0,True,False,False,False,False,3641.6451642
660,660,16_3846,75115,Paris,Woman,23,"5-year-and-above higher education degree: Master's 2, DEA, DESS, Grande École Diploma, Doctorate, etc.",7,Living alone,1,0,0.0,0.0,0,0,False,True,0,0,0,0,False,True,False,True,False,629.0660134
669,669,16_3856,75104,Paris,Man,53,"5-year-and-above higher education degree: Master's 2, DEA, DESS, Grande École Diploma, Doctorate, etc.",2,In a couple with child(ren),2,0,0.0,1.0,1,0,False,True,0,0,0,0,False,False,True,False,True,1873.0702124
670,670,16_3859,93006,Bagnolet,Woman,51,,2,In a couple with child(ren),5,0,1.0,2.0,2,0,False,True,1,0,2,0,False,False,False,False,False,615.23758671
678,678,16_3871,75115,Paris,Woman,59,Lower secondary certificate (Brevet) or equivalent,4,Living alone,1,0,0.0,0.0,1,0,False,False,0,0,0,0,True,False,False,False,False,3090.5806359
682,682,16_3875,75106,Paris,Man,41,"5-year-and-above higher education degree: Master's 2, DEA, DESS, Grande École Diploma, Doctorate, etc.",2,In a couple with child(ren),4,2,0.0,0.0,2,0,False,True,1,0,1,0,True,False,False,True,True,3061.8102217
688,688,16_3885,75113,Paris,Woman,17,Lower secondary certificate (Brevet) or equivalent,7,Living with one or both parents,5,0,2.0,1.0,2,0,False,False,0,0,4+,0,,True,False,True,False,6464.3807096
692,692,16_3890,92044,Levallois-Perret,Woman,54,Upper secondary diploma (Baccalauréat) or equivalent,3,Single parent (divorced / separated / widowed),1,0,0.0,0.0,1,0,False,False,0,0,0,0,True,False,False,False,False,4705.1837951
699,699,16_3899,75118,Paris,Man,24,"5-year-and-above higher education degree: Master's 2, DEA, DESS, Grande École Diploma, Doctorate, etc.",7,Living with one or both parents,3,0,0.0,1.0,2,0,False,False,1,0,1,0,False,False,False,False,False,1770.0059503
701,701,16_3901,75115,Paris,Woman,45,,4,In a couple with child(ren),4,2,0.0,0.0,2,0,False,True,0,0,0,0,True,False,False,False,False,2962.2965084
704,704,16_3905,75103,Paris,Woman,18,Upper secondary diploma (Baccalauréat) or equivalent,7,Living with one or both parents,4,0,1.0,2.0,1,0,False,False,1,0,2,2,False,True,False,True,False,7798.5249175
714,714,16_3915,75112,Paris,Woman,25,"5-year-and-above higher education degree: Master's 2, DEA, DESS, Grande École Diploma, Doctorate, etc.",3,Not related to other household members,5,0,0.0,1.0,4,0,False,False,0,0,0,0,True,False,False,False,False,2891.4906802
720,720,16_3922,75120,Paris,Man,52,"5-year-and-above higher education degree: Master's 2, DEA, DESS, Grande École Diploma, Doctorate, etc.",2,In a couple with child(ren),4,0,2.0,0.0,2,0,False,True,1,0,3,0,True,False,False,False,False,2254.4249894
730,730,16_3937,75119,Paris,Woman,28,"5-year-and-above higher education degree: Master's 2, DEA, DESS, Grande École Diploma, Doctorate, etc.",8,Not related to other household members,2,0,0.0,0.0,2,0,False,True,0,0,0,0,True,False,False,True,False,1495.3222211
748,748,16_3960,75113,Paris,Woman,59,"3–4-year higher education degree: Licence, Professional Licence, Master 1, or equivalent",6,In a couple without children,2,0,0.0,0.0,2,0,False,True,1,0,1,0,,False,False,True,False,1564.5793818
749,749,16_3961,75103,Paris,Man,60,"5-year-and-above higher education degree: Master's 2, DEA, DESS, Grande École Diploma, Doctorate, etc.",3,In a couple without children,1,0,0.0,0.0,1,0,False,True,0,0,1,0,,False,False,False,False,875.21288961
754,754,16_3969,75120,Paris,Man,55,"3–4-year higher education degree: Licence, Professional Licence, Master 1, or equivalent",2,In a couple without children,2,0,0.0,0.0,2,0,False,True,0,0,2,0,True,False,False,False,False,2563.5955464
756,756,16_3971,75102,Paris,Woman,31,"5-year-and-above higher education degree: Master's 2, DEA, DESS, Grande École Diploma, Doctorate, etc.",1,In a couple without children,2,0,0.0,0.0,2,0,False,True,0,0,2,0,False,False,False,False,False,2408.0667464
758,758,16_3974,92023,Clamart,Woman,46,"5-year-and-above higher education degree: Master's 2, DEA, DESS, Grande École Diploma, Doctorate, etc.",4,In a couple with child(ren),4,1,1.0,0.0,2,0,False,True,2,2,4+,0,True,False,False,False,False,2201.1026358
762,762,16_3981,75113,Paris,Man,58,Upper secondary diploma (Baccalauréat) or equivalent,2,Living alone,1,0,0.0,0.0,0,0,False,True,0,0,1,0,True,False,False,False,False,4393.7026776
764,764,16_3983,75112,Paris,Man,45,,3,Living alone,1,0,0.0,0.0,1,0,False,True,0,0,0,0,True,False,False,True,False,1971.395822
768,768,16_3988,75118,Paris,Man,30,"5-year-and-above higher education degree: Master's 2, DEA, DESS, Grande École Diploma, Doctorate, etc.",2,In a couple without children,1,0,0.0,0.0,1,0,False,True,0,0,0,0,False,False,False,True,False,1375.0003715
772,772,16_3995,75118,Paris,Woman,31,"3–4-year higher education degree: Licence, Professional Licence, Master 1, or equivalent",3,Living alone,4,4,0.0,0.0,0,0,False,False,4,0,0,0,False,False,False,False,False,5506.9022052
773,773,16_3996,92026,Courbevoie,Man,36,"5-year-and-above higher education degree: Master's 2, DEA, DESS, Grande École Diploma, Doctorate, etc.",4,In a couple with child(ren),3,1,0.0,0.0,2,0,False,True,0,0,0,0,True,False,False,False,False,1480.7561713
779,779,16_4004,75112,Paris,Man,30,"5-year-and-above higher education degree: Master's 2, DEA, DESS, Grande École Diploma, Doctorate, etc.",2,In a couple without children,2,0,0.0,0.0,2,0,False,False,0,0,0,0,True,False,False,True,False,2742.1303401
789,789,16_4019,75118,Paris,Woman,41,,4,Living alone,1,0,0.0,0.0,1,0,False,True,0,0,0,0,True,False,False,False,False,1321.6537595
799,799,16_4034,75107,Paris,Man,34,"3–4-year higher education degree: Licence, Professional Licence, Master 1, or equivalent",3,Living alone,1,0,0.0,0.0,1,0,False,,0,1,0,0,False,False,False,False,True,1971.395822
802,802,16_4037,75114,Paris,Man,50,"5-year-and-above higher education degree: Master's 2, DEA, DESS, Grande École Diploma, Doctorate, etc.",2,Living alone,1,0,0.0,0.0,0,0,False,True,0,0,0,0,True,False,False,False,False,847.90373965
815,815,16_4057,75117,Paris,Man,59,"3–4-year higher education degree: Licence, Professional Licence, Master 1, or equivalent",3,Living alone,1,0,0.0,0.0,0,0,False,True,0,0,0,0,True,False,False,False,False,1210.1594184
816,816,16_4058,93064,Rosny-sous-Bois,Man,57,"Vocational certificate (CAP, BEP) or equivalent",3,In a couple without children,1,0,0.0,0.0,1,0,False,True,1,0,2,0,True,False,False,False,False,3093.3116014
820,820,16_4063,75108,Paris,Man,31,"5-year-and-above higher education degree: Master's 2, DEA, DESS, Grande École Diploma, Doctorate, etc.",8,In a couple without children,2,0,0.0,0.0,2,0,False,True,0,0,0,0,False,False,False,True,False,1312.1394554
836,836,16_4088,75109,Paris,Man,34,"5-year-and-above higher education degree: Master's 2, DEA, DESS, Grande École Diploma, Doctorate, etc.",1,Living alone,1,0,0.0,0.0,1,0,False,False,0,0,1,0,True,False,False,False,False,952.5176578
854,854,16_4110,75112,Paris,Woman,53,"5-year-and-above higher education degree: Master's 2, DEA, DESS, Grande École Diploma, Doctorate, etc.",2,Single parent (divorced / separated / widowed),1,0,0.0,1.0,0,0,False,True,0,0,0,0,True,False,False,True,False,974.68116027
868,868,2_1804,75105,Paris,Man,39,"5-year-and-above higher education degree: Master's 2, DEA, DESS, Grande École Diploma, Doctorate, etc.",2,In a couple with child(ren),2,1,0.0,0.0,1,0,False,True,0,0,1,0,False,False,False,True,False,2742.1303401
870,870,2_1807,75119,Paris,Woman,48,"3–4-year higher education degree: Licence, Professional Licence, Master 1, or equivalent",2,Living alone,1,0,0.0,0.0,1,0,False,True,0,0,0,0,True,False,False,True,False,1365.8922876
885,885,2_1824,75115,Paris,Woman,36,"5-year-and-above higher education degree: Master's 2, DEA, DESS, Grande École Diploma, Doctorate, etc.",3,Living alone,1,0,0.0,0.0,1,0,False,True,0,0,1,0,True,False,False,False,False,1619.4797582
904,904,2_1846,75117,Paris,Woman,51,"5-year-and-above higher education degree: Master's 2, DEA, DESS, Grande École Diploma, Doctorate, etc.",8,In a couple with child(ren),3,0,1.0,1.0,1,0,False,True,1,0,4+,1,False,False,False,False,False,1538.0121211
912,912,2_1856,94002,Alfortville,Woman,23,"5-year-and-above higher education degree: Master's 2, DEA, DESS, Grande École Diploma, Doctorate, etc.",2,Living alone,1,0,0.0,0.0,1,0,False,False,0,0,0,0,True,False,False,False,False,349.25548449
913,913,2_1858,75114,Paris,Woman,24,"5-year-and-above higher education degree: Master's 2, DEA, DESS, Grande École Diploma, Doctorate, etc.",2,Not related to other household members,1,0,0.0,0.0,1,0,False,True,0,0,3,0,False,False,False,False,False,1284.1462096
915,915,2_1860,75115,Paris,Woman,50,,3,In a couple with child(ren),2,1,0.0,0.0,1,0,False,True,1,0,0,0,True,False,False,False,False,3591.3416828
928,928,2_1877,92049,Montrouge,Woman,42,Upper secondary diploma (Baccalauréat) or equivalent,5,Single parent (divorced / separated / widowed),1,0,1.0,0.0,0,0,False,True,0,0,0,0,False,False,False,False,False,3827.595765
936,936,2_1885,75113,Paris,Woman,63,"3–4-year higher education degree: Licence, Professional Licence, Master 1, or equivalent",6,Living alone,1,1,0.0,0.0,0,0,False,True,0,0,0,0,True,False,False,False,False,694.76202104
945,945,2_1896,75110,Paris,Woman,67,Upper secondary diploma (Baccalauréat) or equivalent,6,Living alone,1,0,0.0,0.0,0,1,False,True,0,0,0,0,True,False,True,False,False,4655.7584
971,971,2_1932,75107,Paris,Man,64,"5-year-and-above higher education degree: Master's 2, DEA, DESS, Grande École Diploma, Doctorate, etc.",2,In a couple with child(ren),5,0,0.0,1.0,4,0,False,True,0,1,2,0,True,False,True,True,False,1904.8946898
1000,1000,2_1964,75111,Paris,Man,75,"3–4-year higher education degree: Licence, Professional Licence, Master 1, or equivalent",6,Living alone,1,0,0.0,0.0,0,0,False,True,0,0,0,0,True,False,False,False,False,1114.6501779
1001,1001,2_1965,75119,Paris,Man,27,"5-year-and-above higher education degree: Master's 2, DEA, DESS, Grande École Diploma, Doctorate, etc.",2,Living alone,1,0,0.0,0.0,1,0,False,True,1,0,0,0,True,False,False,False,False,1620.6316927
1002,1002,2_1966,92077,Ville-d'Avray,Woman,19,Upper secondary diploma (Baccalauréat) or equivalent,7,In a shared apartment (flat-sharing),2,0,0.0,2.0,0,0,False,False,0,0,0,0,True,False,False,False,False,6261.6030801
1007,1007,2_1971,92012,Boulogne-Billancourt,Woman,24,"3–4-year higher education degree: Licence, Professional Licence, Master 1, or equivalent",7,Living with one or both parents,2,0,0.0,1.0,1,0,False,False,0,0,0,0,False,True,False,False,False,1781.24372
1014,1014,2_1979,75109,Paris,Man,23,"5-year-and-above higher education degree: Master's 2, DEA, DESS, Grande École Diploma, Doctorate, etc.",4,Living alone,1,0,0.0,1.0,0,0,False,False,0,0,0,0,True,False,False,False,False,772.07805999
1015,1015,2_1981,75115,Paris,Woman,24,"5-year-and-above higher education degree: Master's 2, DEA, DESS, Grande École Diploma, Doctorate, etc.",7,In a couple without children,1,0,0.0,1.0,0,0,False,True,0,0,0,0,True,False,False,True,False,629.0660134
1025,1025,2_1993,75110,Paris,Woman,66,Upper secondary diploma (Baccalauréat) or equivalent,6,In a couple without children,1,0,0.0,0.0,1,0,False,True,0,0,0,0,False,False,False,False,False,4655.7584
1028,1028,2_1998,75116,Paris,Woman,52,"3–4-year higher education degree: Licence, Professional Licence, Master 1, or equivalent",4,Living alone,1,0,0.0,0.0,1,0,False,False,0,0,0,0,True,False,False,False,False,917.22787515
1031,1031,2_2001,75101,Paris,Woman,33,"5-year-and-above higher education degree: Master's 2, DEA, DESS, Grande École Diploma, Doctorate, etc.",2,In a couple without children,1,0,0.0,0.0,1,0,False,True,0,0,0,1,True,False,False,False,False,1549.8231313
1077,1077,3_2053,75112,Paris,Man,22,"3–4-year higher education degree: Licence, Professional Licence, Master 1, or equivalent",7,Living alone,1,0,0.0,1.0,0,0,False,True,0,0,1,0,True,True,False,True,False,749.30461016
1082,1082,3_2060,75109,Paris,Man,70,"5-year-and-above higher education degree: Master's 2, DEA, DESS, Grande École Diploma, Doctorate, etc.",6,In a couple without children,1,0,0.0,0.0,1,0,False,True,0,0,0,0,False,False,False,False,False,835.67971049
1085,1085,3_2063,75113,Paris,Woman,25,"5-year-and-above higher education degree: Master's 2, DEA, DESS, Grande École Diploma, Doctorate, etc.",2,Living alone,1,0,0.0,0.0,0,0,False,False,0,0,0,0,True,False,False,False,False,1284.1462096
1098,1098,3_2077,75116,Paris,Woman,44,"5-year-and-above higher education degree: Master's 2, DEA, DESS, Grande École Diploma, Doctorate, etc.",8,Living alone,1,0,0.0,0.0,1,0,False,True,0,0,1,0,False,False,False,False,True,718.69125577
1105,1105,3_2088,92051,Neuilly-sur-Seine,Man,36,"3–4-year higher education degree: Licence, Professional Licence, Master 1, or equivalent",4,Living alone,1,0,0.0,0.0,1,0,False,True,1,0,0,0,True,False,False,False,False,925.89953011
1135,1135,3_2120,93048,Montreuil,Woman,18,Upper secondary diploma (Baccalauréat) or equivalent,7,Living with one or both parents,5,0,1.0,2.0,1,1,False,False,0,0,0,0,True,True,False,True,False,4703.1195667
1147,1147,3_2136,94068,Saint-Maur-des-Fosses,Woman,33,"5-year-and-above higher education degree: Master's 2, DEA, DESS, Grande École Diploma, Doctorate, etc.",3,In a couple without children,2,0,0.0,0.0,0,0,False,True,1,0,0,0,True,False,False,False,False,2323.647849
1167,1167,3_2161,92046,Malakoff,Man,24,Upper secondary diploma (Baccalauréat) or equivalent,5,Living with one or both parents,4,0,0.0,2.0,2,0,False,True,0,0,0,0,True,False,False,False,False,6696.8871432
1175,1175,3_2170,75118,Paris,Woman,36,"5-year-and-above higher education degree: Master's 2, DEA, DESS, Grande École Diploma, Doctorate, etc.",2,In a couple with child(ren),3,1,0.0,0.0,2,0,False,False,0,0,0,0,True,False,False,False,False,3358.1875036
1198,1198,3_2195,93033,Gournay-sur-Marne,Woman,18,Lower secondary certificate (Brevet) or equivalent,7,Living with one or both parents,3,0,1.0,1.0,1,0,False,False,1,0,0,1,False,False,False,False,False,2472.1773137
1206,1206,3_2205,75105,Paris,Woman,41,"5-year-and-above higher education degree: Master's 2, DEA, DESS, Grande École Diploma, Doctorate, etc.",2,In a couple with child(ren),5,2,1.0,0.0,2,0,False,True,1,0,0,1,,False,True,False,False,3236.204062
1392,1392,42_0007,75103,Paris,Man,57,"3–4-year higher education degree: Licence, Professional Licence, Master 1, or equivalent",2,Living alone,1,0,0.0,0.0,1,0,False,True,1,0,0,0,True,False,False,False,False,1441.6424693
1393,1393,42_0008,75103,Paris,Woman,68,"5-year-and-above higher education degree: Master's 2, DEA, DESS, Grande École Diploma, Doctorate, etc.",6,Living alone,1,0,0.0,0.0,0,1,False,True,0,0,1,0,True,False,False,False,False,923.9349292
1395,1395,42_0010,75104,Paris,Woman,45,"5-year-and-above higher education degree: Master's 2, DEA, DESS, Grande École Diploma, Doctorate, etc.",3,In a couple with child(ren),4,0,2.0,0.0,2,0,False,False,0,0,3,0,True,False,False,False,False,3399.025442
1396,1396,42_0011,75105,Paris,Woman,22,"3–4-year higher education degree: Licence, Professional Licence, Master 1, or equivalent",7,Living alone,1,0,0.0,0.0,0,0,False,True,0,0,0,0,False,True,False,False,False,818.91514887
1397,1397,42_0012,75105,Paris,Man,72,"5-year-and-above higher education degree: Master's 2, DEA, DESS, Grande École Diploma, Doctorate, etc.",6,In a couple without children,1,0,0.0,0.0,0,1,False,True,0,0,0,0,True,False,False,False,False,835.67971049
1398,1398,42_0013,75105,Paris,Woman,25,"5-year-and-above higher education degree: Master's 2, DEA, DESS, Grande École Diploma, Doctorate, etc.",2,In a couple without children,2,0,0.0,0.0,2,0,False,True,0,0,2,0,,True,False,True,False,2618.4485357
1400,1400,42_0015,75106,Paris,Woman,25,"5-year-and-above higher education degree: Master's 2, DEA, DESS, Grande École Diploma, Doctorate, etc.",2,Living alone,1,0,0.0,0.0,0,0,False,True,0,0,1,0,False,False,False,False,False,1284.1462096
1401,1401,42_0018,75110,Paris,Man,39,,3,In a couple without children,1,0,0.0,0.0,1,0,False,True,0,0,0,1,True,False,False,False,False,1971.395822
1405,1405,42_0025,75111,Paris,Woman,59,"3–4-year higher education degree: Licence, Professional Licence, Master 1, or equivalent",4,Living alone,1,0,0.0,0.0,0,0,True,False,0,0,0,0,True,False,False,False,False,917.22787515
1406,1406,42_0026,75119,Paris,Man,39,,7,In a couple with child(ren),4,2,0.0,0.0,2,0,False,True,0,0,1,0,False,False,False,True,True,1856.0014246
1414,1414,42_0038,75114,Paris,Man,23,"3–4-year higher education degree: Licence, Professional Licence, Master 1, or equivalent",7,Not related to other household members,2,0,0.0,2.0,0,0,False,False,0,0,0,0,False,True,False,True,False,1489.6559194
1417,1417,42_0041,75114,Paris,Man,67,Upper secondary diploma (Baccalauréat) or equivalent,6,In a couple with child(ren),1,0,0.0,1.0,0,0,False,True,1,0,0,0,False,False,False,False,False,4926.0557036
1423,1423,42_0049,75116,Paris,Man,21,"3–4-year higher education degree: Licence, Professional Licence, Master 1, or equivalent",7,Living alone,1,0,0.0,1.0,0,0,False,True,0,0,0,0,False,True,False,False,False,749.30461016
1424,1424,42_0050,75117,Paris,Man,60,,3,In a couple without children,2,0,0.0,0.0,2,0,False,True,0,0,0,0,True,False,False,False,False,2680.5167679
1432,1432,42_0059,75118,Paris,Woman,42,,3,Living alone,1,0,0.0,0.0,1,0,False,False,0,0,0,0,True,False,False,False,False,2235.7612656
1433,1433,42_0060,75118,Paris,Woman,23,"3–4-year higher education degree: Licence, Professional Licence, Master 1, or equivalent",4,In a couple without children,2,0,0.0,2.0,0,0,False,False,0,0,0,0,True,False,False,False,False,2348.4857671
1434,1434,42_0061,75118,Paris,Man,44,"5-year-and-above higher education degree: Master's 2, DEA, DESS, Grande École Diploma, Doctorate, etc.",2,Single parent (divorced / separated / widowed),1,0,1.0,0.0,0,0,False,True,0,0,4+,0,False,False,False,False,False,1375.0003715
1435,1435,42_0062,75118,Paris,Man,68,"5-year-and-above higher education degree: Master's 2, DEA, DESS, Grande École Diploma, Doctorate, etc.",6,In a couple without children,2,0,0.0,0.0,0,2,False,True,1,0,3,0,True,False,False,False,False,2079.9197528
1437,1437,42_0066,75119,Paris,Man,70,"5-year-and-above higher education degree: Master's 2, DEA, DESS, Grande École Diploma, Doctorate, etc.",6,Living alone,1,0,0.0,0.0,0,1,False,True,1,0,0,0,True,False,False,False,False,965.90732695
1440,1440,42_0071,75120,Paris,Woman,69,"5-year-and-above higher education degree: Master's 2, DEA, DESS, Grande École Diploma, Doctorate, etc.",6,In a couple without children,1,0,0.0,0.0,0,1,False,True,0,0,0,0,True,False,False,False,False,923.9349292
1568,1568,42_0223,92049,Montrouge,Woman,38,"5-year-and-above higher education degree: Master's 2, DEA, DESS, Grande École Diploma, Doctorate, etc.",7,Living alone,1,0,0.0,0.0,0,0,False,True,0,0,0,0,True,False,False,False,False,600.2069808
1575,1575,42_0230,92040,Issy-les-Moulineaux,Man,48,,3,In a couple with child(ren),4,0,1.0,1.0,2,0,False,True,2,0,0,0,,False,False,False,True,3368.0869846
1586,1586,42_0242,92046,Malakoff,Woman,26,"5-year-and-above higher education degree: Master's 2, DEA, DESS, Grande École Diploma, Doctorate, etc.",3,Not related to other household members,1,0,0.0,0.0,1,0,False,False,0,0,0,0,True,False,False,False,False,1126.7168743
1596,1596,42_0253,92020,Chatillon,Woman,52,Upper secondary diploma (Baccalauréat) or equivalent,4,Single parent (divorced / separated / widowed),1,0,0.0,0.0,1,0,False,True,0,0,0,0,True,False,False,False,False,3382.4245394
1606,1606,42_0263,92026,Courbevoie,Woman,25,"5-year-and-above higher education degree: Master's 2, DEA, DESS, Grande École Diploma, Doctorate, etc.",2,Living alone,1,0,0.0,0.0,0,0,False,True,1,0,0,0,True,False,False,False,False,1286.7538771
1652,1652,42_0317,93070,Saint-Ouen-sur-Seine,Man,40,"5-year-and-above higher education degree: Master's 2, DEA, DESS, Grande École Diploma, Doctorate, etc.",2,Living alone,1,0,0.0,0.0,0,0,False,False,0,0,1,0,True,False,False,False,False,378.16692909
1674,1674,42_0340,94002,Alfortville,Woman,27,"5-year-and-above higher education degree: Master's 2, DEA, DESS, Grande École Diploma, Doctorate, etc.",7,In a couple without children,1,0,0.0,0.0,1,0,False,True,1,0,1,0,False,False,False,False,False,799.61474316
1684,1684,42_0350,94043,Le Kremlin-Bicetre,Man,24,,5,Living with one or both parents,3,0,2.0,0.0,1,0,False,True,0,0,2,0,True,False,False,True,True,1112.1312335
1700,1700,42_0368,94046,Maisons-Alfort,Man,25,"3–4-year higher education degree: Licence, Professional Licence, Master 1, or equivalent",2,In a couple without children,1,0,0.0,0.0,1,0,False,True,1,0,1,0,False,False,False,False,False,436.08320142
1701,1701,42_0369,94076,Villejuif,Man,37,Lower secondary certificate (Brevet) or equivalent,4,Single parent (divorced / separated / widowed),2,2,0.0,0.0,0,0,False,False,0,0,0,0,True,False,False,False,False,7547.9674215
1731,1731,42_0402,75115,Paris,Woman,77,Upper secondary diploma (Baccalauréat) or equivalent,6,Living alone,1,0,0.0,0.0,0,1,False,True,0,0,0,0,True,False,False,False,False,4655.7584
1741,1741,42_0412,75120,Paris,Man,34,"5-year-and-above higher education degree: Master's 2, DEA, DESS, Grande École Diploma, Doctorate, etc.",3,Living alone,1,0,0.0,0.0,1,0,False,True,0,0,0,0,True,False,False,True,False,1412.2551818
1764,1764,42_0436,75113,Paris,Woman,36,"5-year-and-above higher education degree: Master's 2, DEA, DESS, Grande École Diploma, Doctorate, etc.",2,In a couple without children,2,0,0.0,0.0,2,0,False,True,0,0,0,0,True,False,False,False,False,2957.2772571
1776,1776,42_0451,75120,Paris,Woman,35,"5-year-and-above higher education degree: Master's 2, DEA, DESS, Grande École Diploma, Doctorate, etc.",2,In a couple with child(ren),3,1,0.0,0.0,2,0,False,True,1,0,1,1,False,False,False,False,False,3525.5161165
1792,1792,42_0467,92024,Clichy,Man,44,Upper secondary diploma (Baccalauréat) or equivalent,3,In a couple without children,2,0,0.0,0.0,2,0,False,False,0,0,0,0,True,False,False,False,False,11425.244183
1801,1801,42_0479,75113,Paris,Man,41,"5-year-and-above higher education degree: Master's 2, DEA, DESS, Grande École Diploma, Doctorate, etc.",2,In a couple without children,2,0,0.0,0.0,2,0,False,True,0,0,0,0,True,False,False,True,False,2742.1303401
1821,1821,42_0506,92040,Issy-les-Moulineaux,Man,61,"Vocational certificate (CAP, BEP) or equivalent",3,In a couple with child(ren),2,0,0.0,0.0,2,0,False,True,1,0,0,1,,False,True,False,False,9853.3659992
1826,1826,42_0511,92044,Levallois-Perret,Woman,66,"3–4-year higher education degree: Licence, Professional Licence, Master 1, or equivalent",6,Living alone,1,0,0.0,0.0,0,0,True,True,0,0,0,0,True,False,False,False,False,1600.4573264
1829,1829,42_0515,75114,Paris,Woman,23,"5-year-and-above higher education degree: Master's 2, DEA, DESS, Grande École Diploma, Doctorate, etc.",2,In a couple without children,1,0,0.0,1.0,0,0,False,True,0,0,0,0,True,False,False,True,False,1284.1462096
1830,1830,42_0516,75119,Paris,Woman,17,Upper secondary diploma (Baccalauréat) or equivalent,7,Living with one or both parents,3,0,1.0,1.0,1,0,False,False,0,0,0,1,True,True,False,False,False,8631.2203628
1841,1841,42_0529,75111,Paris,Woman,32,"5-year-and-above higher education degree: Master's 2, DEA, DESS, Grande École Diploma, Doctorate, etc.",3,In a couple without children,2,0,0.0,0.0,2,0,False,False,0,0,2,0,False,False,False,False,False,3356.7280094
1844,1844,42_0532,75111,Paris,Man,24,"3–4-year higher education degree: Licence, Professional Licence, Master 1, or equivalent",7,Living with one or both parents,9,4,0.0,3.0,2,0,False,True,2,3,4+,0,False,False,False,True,True,2882.055946
1845,1845,42_0533,75111,Paris 11e Arrondissement,Man,28,"5-year-and-above higher education degree: Master's 2, DEA, DESS, Grande École Diploma, Doctorate, etc.",2,In a couple without children,2,0,0.0,0.0,2,0,False,True,1,0,3,0,False,False,False,True,False,3036.8781687
1854,1854,42_0543,75113,Paris,Woman,37,Upper secondary diploma (Baccalauréat) or equivalent,4,Living alone,1,0,0.0,0.0,1,0,False,False,0,0,0,0,True,False,False,False,False,4906.2175862
1864,1864,42_0557,75116,Paris,Woman,44,"5-year-and-above higher education degree: Master's 2, DEA, DESS, Grande École Diploma, Doctorate, etc.",8,Living alone,1,0,0.0,0.0,0,0,False,False,0,0,0,0,False,False,True,False,False,718.69125577
1866,1866,42_0559,75112,Paris,Woman,37,"5-year-and-above higher education degree: Master's 2, DEA, DESS, Grande École Diploma, Doctorate, etc.",8,In a couple without children,2,0,0.0,0.0,2,0,False,True,0,0,1,0,False,False,True,False,False,1495.3222211
1867,1867,42_0560,94081,Vitry-sur-Seine,Man,49,"3–4-year higher education degree: Licence, Professional Licence, Master 1, or equivalent",2,Living alone,1,0,0.0,0.0,1,0,False,True,1,0,0,0,True,False,False,False,False,506.91269609
1877,1877,42_0574,75102,Paris,Woman,66,,4,Single parent (divorced / separated / widowed),2,0,0.0,1.0,1,0,False,True,0,0,0,0,True,True,True,False,False,3828.4778768
1895,1895,42_0593,75117,Paris,Man,28,"5-year-and-above higher education degree: Master's 2, DEA, DESS, Grande École Diploma, Doctorate, etc.",2,In a couple without children,2,0,0.0,0.0,2,0,False,True,0,1,0,0,False,False,True,False,False,2742.1303401
1909,1909,45_611,75119,Paris,Man,42,,2,In a couple without children,2,0,0.0,0.0,2,0,False,True,0,0,0,0,True,False,False,False,False,3504.3396879
1953,1953,45_664,92049,Montrouge,Man,61,Upper secondary diploma (Baccalauréat) or equivalent,4,Single parent (divorced / separated / widowed),1,0,0.0,0.0,0,0,True,True,2,1,1,0,True,False,False,True,False,3625.913196
1957,1957,45_668,75115,Paris,Woman,75,"5-year-and-above higher education degree: Master's 2, DEA, DESS, Grande École Diploma, Doctorate, etc.",6,Living alone,1,0,0.0,0.0,0,1,False,True,1,0,0,0,True,False,False,False,False,1088.1178333
1977,1977,45_693,75116,Paris,Man,67,"Vocational certificate (CAP, BEP) or equivalent",6,Living alone,1,0,0.0,0.0,0,1,False,True,0,0,0,0,True,False,False,False,False,4052.4758901
1984,1984,45_703,93049,Neuilly-Plaisance,Man,54,"Vocational certificate (CAP, BEP) or equivalent",4,In a couple with child(ren),3,0,0.0,1.0,2,0,False,True,1,1,0,0,False,False,False,False,False,12805.196356
2046,2046,46_0793,75113,Paris,Woman,48,"5-year-and-above higher education degree: Master's 2, DEA, DESS, Grande École Diploma, Doctorate, etc.",2,In a couple with child(ren),4,2,0.0,0.0,2,0,False,True,1,0,1,0,True,False,False,False,False,2502.6973329
2051,2051,46_0799,75114,Paris,Man,31,"5-year-and-above higher education degree: Master's 2, DEA, DESS, Grande École Diploma, Doctorate, etc.",2,In a shared apartment (flat-sharing),3,0,0.0,0.0,3,0,False,False,0,0,4+,0,False,False,False,True,False,3206.8922821
2052,2052,46_0800,94043,Le Kremlin-Bicetre,Man,52,,3,Living alone,1,0,0.0,0.0,0,0,False,True,1,1,2,0,False,False,False,False,False,692.88191139
2066,2066,46_0821,75117,Paris,Woman,23,"3–4-year higher education degree: Licence, Professional Licence, Master 1, or equivalent",7,Living alone,1,0,0.0,0.0,0,0,False,True,0,0,0,0,True,False,False,True,False,818.91514887
2077,2077,46_0835,92075,Vanves,Woman,66,Upper secondary diploma (Baccalauréat) or equivalent,6,Living alone,1,0,0.0,0.0,0,1,False,True,0,0,0,0,True,False,False,False,False,5627.4612504
2088,2088,46_0848,94042,Joinville-le-Pont,Woman,35,"5-year-and-above higher education degree: Master's 2, DEA, DESS, Grande École Diploma, Doctorate, etc.",2,In a couple without children,1,0,0.0,0.0,1,0,False,True,0,0,2,0,True,False,False,False,False,400.53401497
2095,2095,46_0856,75113,Paris,Man,45,"3–4-year higher education degree: Licence, Professional Licence, Master 1, or equivalent",2,Living alone,1,0,0.0,0.0,1,0,False,True,0,0,0,0,True,False,False,False,False,1870.1872741
2096,2096,46_0857,75113,Paris,Woman,44,"3–4-year higher education degree: Licence, Professional Licence, Master 1, or equivalent",3,Single parent (divorced / separated / widowed),2,0,1.0,0.0,1,0,False,True,0,0,1,0,False,False,False,False,False,4372.1595837
2105,2105,46_0868,92075,Vanves,Man,42,"5-year-and-above higher education degree: Master's 2, DEA, DESS, Grande École Diploma, Doctorate, etc.",2,In a couple with child(ren),4,2,0.0,0.0,2,0,False,True,1,0,4+,0,True,False,False,False,False,2594.7477257
2108,2108,46_0872,75112,Paris,Man,29,"5-year-and-above higher education degree: Master's 2, DEA, DESS, Grande École Diploma, Doctorate, etc.",2,In a couple without children,1,0,0.0,0.0,1,0,False,True,0,0,1,0,True,False,False,True,False,1375.0003715
2115,2115,46_0879,75119,Paris,Woman,49,"Vocational certificate (CAP, BEP) or equivalent",4,In a couple with child(ren),5,0,0.0,2.0,3,0,False,False,0,0,0,2,False,False,False,False,False,6775.2337737
2119,2119,46_0883,75115,Paris,Woman,50,,3,In a couple without children,1,0,0.0,0.0,1,0,False,True,1,0,0,0,True,False,False,False,False,1688.8898811
2123,2123,46_0888,75113,Paris,Man,29,"5-year-and-above higher education degree: Master's 2, DEA, DESS, Grande École Diploma, Doctorate, etc.",3,Living alone,1,1,0.0,0.0,0,0,False,True,0,0,0,0,True,False,False,False,False,1412.2551818
2131,2131,46_0898,75111,Paris,Woman,25,"5-year-and-above higher education degree: Master's 2, DEA, DESS, Grande École Diploma, Doctorate, etc.",2,Living alone,1,0,0.0,0.0,1,0,False,True,0,0,1,0,True,False,False,True,False,1284.1462096
2140,2140,46_0909,75112,Paris,Woman,43,"5-year-and-above higher education degree: Master's 2, DEA, DESS, Grande École Diploma, Doctorate, etc.",2,Living alone,1,0,0.0,0.0,0,0,False,True,1,0,1,0,True,False,False,True,False,1792.9571159
2152,2152,46_0924,75113,Paris,Woman,69,Lower secondary certificate (Brevet) or equivalent,6,Living alone,1,0,0.0,0.0,0,0,False,True,0,0,0,0,True,False,False,False,False,4655.7584
2156,2156,46_0930,75119,Paris,Woman,25,"5-year-and-above higher education degree: Master's 2, DEA, DESS, Grande École Diploma, Doctorate, etc.",2,In a couple without children,1,0,0.0,0.0,1,0,False,True,0,0,0,0,True,False,False,True,False,1284.1462096
2170,2170,46_0946,92024,Clichy,Man,26,"5-year-and-above higher education degree: Master's 2, DEA, DESS, Grande École Diploma, Doctorate, etc.",2,Living alone,1,0,0.0,0.0,0,0,False,True,0,0,1,0,True,True,False,False,False,1285.7965172
2173,2173,46_0949,75120,Paris,Man,30,"5-year-and-above higher education degree: Master's 2, DEA, DESS, Grande École Diploma, Doctorate, etc.",2,Not related to other household members,2,0,0.0,0.0,2,0,False,True,0,0,1,0,True,False,False,True,False,2742.1303401
2181,2181,46_0959,75112,Paris,Man,36,"3–4-year higher education degree: Licence, Professional Licence, Master 1, or equivalent",5,In a couple without children,2,0,0.0,0.0,2,0,False,True,0,0,2,0,True,False,False,False,False,2529.3359052
2183,2183,46_0961,75116,Paris,Man,30,"3–4-year higher education degree: Licence, Professional Licence, Master 1, or equivalent",7,Not related to other household members,2,0,0.0,0.0,2,0,False,True,0,0,0,0,True,False,False,True,False,1822.8662529
2190,2190,46_0970,75111,Paris,Man,23,"5-year-and-above higher education degree: Master's 2, DEA, DESS, Grande École Diploma, Doctorate, etc.",7,Living alone,1,0,0.0,1.0,0,0,False,True,0,0,0,0,False,True,False,True,False,587.15425839
